id;name;brand;category;price;image
AVpirqtQil;Details About Skybell Hd Wifi 1080p Video Doorbell Bronze (sh02300bz);Skybell;Security;197.99;https://pisces.bbystatic.com/image2/BestBuy_US/images/products/5665/5665606_sa.jpg
AVpfHjh7LJ;Actiontec 300 Mbps Wireless-N ADSL Modem Router (GT784WN);Actiontec;Computers;39.99;https://images-na.ssl-images-amazon.com/images/I/816uWebtdEL._SL1500_.jpg
AVpe5gDcil;Yamaha - 725W 5.1-Ch. Network-Ready 4K Ultra HD and 3D Pass-Through A/V Home Theater Receiver - Black;Yamaha;Audio;279.99;https://static.bhphoto.com/images/images500x500/yamaha_rx_v481bl_rx_v481_5_1_channel_a_v_receiver_1482852947000_1239301.jpg
AVpf4W5_il;PowerShot G5 X Digital Camera Free Accessory Kit;Canon;Accessories;1198.99;https://static.bhphoto.com/images/images500x500/canon_powershot_g5_x_digital_1523964122000_1193498.jpg
AVwjc_-jv8;Olympus TG-5 Waterproof Camera with 3-Inch LCD;Olympus;Cameras;479.42;https://static.bhphoto.com/images/images500x500/olympus_tough_tg_5_digital_camera_1505997036000_1344455.jpg
AV1YHuWegl;Alpha a7 Mirrorless Digital Camera with 28-70mm Lens and Battery Kit;Sony;Cameras;1515.14;https://static.bhphoto.com/images/images500x500/sony_alpha_a7_mirrorless_digital_1528300131000_1207804.jpg
AVyn8_rsU2;Powerstation XXL Three-USB 20,000mAh Battery Pack (Rose Gold);mophie;Accessories;99.95;https://static.bhphoto.com/images/images500x500/mophie_3566_powerstation_xxl_rose_1475252425000_1286422.jpg
AVpgSxBfLJ;Bose SoundLink Color Bluetooth Speaker (Black);Bose;Audio;81;https://images-na.ssl-images-amazon.com/images/I/71UX1F%2B4lmL._SL1500_.jpg
AVqkH8PGU2;Sony - 55 Class - LED - X800E Series - 2160p - Smart - 4K UHD TV with HDR";Sony;Smart TVs;2096;https://pisces.bbystatic.com/image2/BestBuy_US/images/products/5748/5748208_rd.jpg
AVphdi9-il;XD3 - 3 Active Desktop Monitor System (Pair);Cerwin-Vega;Audio;118.99;https://static.bhphoto.com/images/images500x500/cerwin_vega_xd_3_xd3_3_active_1395781555000_1039657.jpg
AVpfRBBK1c;Startech VGA Video Extender Over Cat5, Point to Point;StarTech;Computers;135.07;https://pisces.bbystatic.com/image2/BestBuy_US/images/products/1347/1347429_sa.jpg
AVzxqGmivK;LG Electronics OLED65C7P 65-Inch 4K Ultra HD Smart OLED TV - Refurbished;LG;Smart TVs;2943.99;https://images-na.ssl-images-amazon.com/images/I/813X4LSEeGL._SL1500_.jpg
AVpgBE3vil;65 Ultra-Light Carbon Fiber Tripod with Ball Head (Black);Polaroid;Accessories;149;http://pisces.bbystatic.com/image2/BestBuy_US/images/products/5209/5209252_ra.jpg
AV1YF0uvgl;Samsung SNH-P6410BN SmartCam HD Pro 1080p WiFi IP Camera;Samsung;Security;479;https://pisces.bbystatic.com/image2/BestBuy_US/images/products/7797/7797122_sa.jpg
AVrI3KE1U2;SAMSUNG 65 Class 4K (2160P) Ultra HD Smart QLED HDR TV QN65Q6FNAFXZA (2018 Model)";Samsung;Smart TVs;851.99;https://images-na.ssl-images-amazon.com/images/I/91XcqPZTw8L._SL1500_.jpg
AVpjVScG1c;MG7310-10 8x4 343 Mbps DOCSIS 3.0 Cable Modem N300 Wi-Fi Router;Motorola;Computers;94.99;https://static.bhphoto.com/images/images500x500/motorola_mg7310_10_8x4_343_mbps_1454516451000_1217530.jpg
AVtidMFpQM;Details About Logitech Ue Roll 2 Wireless Portable Bluetooth Waterproof Speaker;Logitech;Stereo;81.4;https://pisces.bbystatic.com/image2/BestBuy_US/images/products/5193/5193600_sa.jpg
AV1Mr7IRvK;Apple - MacBook Pro速 - 13 Display - Intel Core i5 - 8 GB Memory - 512GB Flash Storage (Latest Model) - Silver";Apple;Computers;1900;https://pisces.bbystatic.com/image2/BestBuy_US/images/products/5721/5721502_sa.jpg
AVpfCxqDLJ;Jensen174 Portable 3-Speed Stereo Turntable With Built-In Speakers - Black (jta-410 );Jensen;Stereo;117.48;http://pisces.bbystatic.com/image2/BestBuy_US/images/products/4360/4360002_sa.jpg
AVwjdOdov8;UBD-M9500 HDR UHD Upscaling Blu-ray Disc Player;Samsung;Video;299.99;https://pisces.bbystatic.com/image2/BestBuy_US/images/products/5791/5791803_rd.jpg
AVpfWGrYLJ;Cyber-shot DSC-RX100 V Digital Camera;Sony;Cameras;1214.5;https://pisces.bbystatic.com/image2/BestBuy_US/images/products/5655/5655631cv14d.jpg
AVphTO5W1c;Adventura SH 140 II Shoulder Bag (Black);Lowepro;Cameras;35.6;https://pisces.bbystatic.com/image2/BestBuy_US/images/products/4031/4031439_rd.jpg
AVpgUWOrLJ;Spartan - 3-Target 24x DVD/CD Duplicator - Black;Spartan;Computers;330.99;http://pisces.bbystatic.com/image2/BestBuy_US/images/products/2438/2438034_sa.jpg
AVpfRGTril;Digipower - Dual Battery Charger - Gray;Digipower;Cameras;59.99;http://pisces.bbystatic.com/image2/BestBuy_US/images/products/8942/8942987_sa.jpg
AVpfNwcJLJ;Leviathan Elite Gaming Soundbar;Razer;Computers;199.99;https://pisces.bbystatic.com/image2/BestBuy_US/images/products/1057/1057028_sa.jpg
AVpfIYP41c;Razer Naga Chroma MMO Gaming Mouse 12 Programmable Thumb Buttons 16000 DPI Wired;Razer;Computers;79.96;https://images-na.ssl-images-amazon.com/images/I/81mMRkZ5y-L._SL1500_.jpg
AVwsxGm8v8;CORSAIR - HD Series 120mm Case Cooling Fan Kit with RGB lighting;CORSAIR;Computers;79.99;https://pisces.bbystatic.com/image2/BestBuy_US/images/products/5845/5845212cv11d.jpg
AVqVHlLeQM;Level Active Wireless In-Ear Headphones (Black);Samsung;Audio;32.93;https://static.bhphoto.com/images/images500x500/samsung_eo_bg930cbegus_level_active_wireless_in_ear_1472158218000_1275551.jpg
AVphvlLfil;Bose速 - Companion速 20 Multimedia Speaker System (2-Piece) - White;Bose速;Audio;199;https://images-na.ssl-images-amazon.com/images/I/51yLs6Ti05L._SL1000_.jpg
AVpgIKYELJ;HT-XT2 170W 2.1-Channel TV Speaker Base (Black);Sony;Audio;348;https://images-na.ssl-images-amazon.com/images/I/51rzaq7xxrL._SL1200_.jpg
AVphQfSlil;Elite Screens - Spectrum Series 110 Motorized Projector Screen - Black";Elite Screens;Video;276.43;https://pisces.bbystatic.com/image2/BestBuy_US/images/products/5271/5271018_sa.jpg
AVpfQfySLJ;Turtle Beach Ear Force Recon 320 7.1 Surround Sound Gaming Headset Pc Refurb;Turtle Beach;Audio;40.77;https://images-na.ssl-images-amazon.com/images/I/81HwaR46RKL._SL1500_.jpg
AVpgNClnLJ;RCA Indoor Digital TV Antenna, Amplified, 40-Mile Range;RCA;Accessories;35.69;http://pisces.bbystatic.com/image2/BestBuy_US/images/products/8280/8280843_sa.jpg
AVtidMFpQM;Details About Logitech Ue Roll 2 Wireless Portable Bluetooth Waterproof Speaker;Logitech;Audio;44.95;https://pisces.bbystatic.com/image2/BestBuy_US/images/products/5193/5193600_sa.jpg
AVpe5iL11c;Kicker 41IK5BT2V2 Amphitheater High-Performance Audio System with Bluetooth, Black;Kicker;Audio;249.95;https://pisces.bbystatic.com/image2/BestBuy_US/images/products/4415/4415503_sa.jpg
AV1YHuVaGV;Lumix DMC-G7 Mirrorless Micro Four Thirds Digital Camera with 14-42mm Lens and Accessory Kit (Black);Panasonic;Cameras;1064.97;https://static.bhphoto.com/images/images500x500/panasonic_lumix_dmc_g7_mirrorless_micro_1519767152000_1208931.jpg
AVphtx6Bil;Lumix G 25mm f/1.7 ASPH. Lens;Panasonic;Cameras;198.12;http://pisces.bbystatic.com/image2/BestBuy_US/images/products/5203/5203501_sd.jpg
AVs4jJ0Vnn;MU8000-Series 65-Class HDR UHD Smart LED TV;Samsung;Smart TVs;1599.99;https://images-na.ssl-images-amazon.com/images/I/915nNGep9kL._SL1500_.jpg
AV_Ic1sLYS;Samsung - 65 Class - LED - MU6290 Series - 2160p - Smart - 4K Ultra HD TV with HDR";Samsung;Smart TVs;6999.99;https://pisces.bbystatic.com/image2/BestBuy_US/images/products/6202/6202112_rd.jpg
AVqVHlLeQM;Level Active Wireless In-Ear Headphones (Black);Samsung;Audio;99.99;https://static.bhphoto.com/images/images500x500/samsung_eo_bg930cbegus_level_active_wireless_in_ear_1472158218000_1275551.jpg
AWFKEUxkuC;WD - My Book 6TB External USB 3.0 Hard Drive - Black;Western Digital;Computers;169.99;http://s7d1.scene7.com/is/image/officedepot/775321_vw_etz00_1035812338
AVpfHyx-LJ;PA248Q 24 LED Backlit IPS Widescreen Monitor;ASUS;Computers;322.2;https://pisces.bbystatic.com/image2/BestBuy_US/images/products/6493/6493388cv13d.jpg
AVs4UxVHU2;Sony - 55 Class - OLED - A1E Series - 2160p - Smart - 4K UHD TV with HDR";Sony;Smart TVs;3499.99;https://images-na.ssl-images-amazon.com/images/I/719hnkyWz5L._SL1500_.jpg
AVrsXyTNv8;Samsung Galaxy Tab S3 Keyboard Cover;Samsung;Computers;119.88;https://images-na.ssl-images-amazon.com/images/I/81WNTXlQEyL._SL1500_.jpg
AVpfqQAtLJ;Alpine KTP-445U Universal Power Pack Amplifier for Use w/ Aftermarket Head Units;Alpine;Audio;149.99;https://pisces.bbystatic.com/image2/BestBuy_US/images/products/4769/4769803_ra.jpg
AV1dnwa1gl;SanDisk - Ultra II 960GB Internal SATA Solid State Drive for Laptops;SanDisk;Computers;292.44;https://pisces.bbystatic.com/image2/BestBuy_US/images/products/1167/1167009cv11d.jpg
AV1Ym558-j;LG - 65 Class - LED - SJ8500 Series - 2160p - Smart - 4K UHD TV with HDR";LG;Smart TVs;1596.99;https://pisces.bbystatic.com/image2/BestBuy_US/images/products/5763/5763433_sd.jpg
AWH8KlPuuC;Samsung 860 EVO 500GB 2.5 Inch SATA III Internal SSD (MZ-76E500B/AM);Samsung;Computers;129.99;https://images-na.ssl-images-amazon.com/images/I/91JA5-hAnoL._SL1500_.jpg
AVqVGaYQQM;Details About Razer Blade Laptop 14 Full Hd (i77700hq";Razer;Computers;1679.99;https://pisces.bbystatic.com/image2/BestBuy_US/images/products/5753/5753110_sa.jpg
AVpfvKEYil;Details About Sylvania Dual Portable Dvd Player W/ 9inch Widescreen Led Display Refurbished;Sylvania;Video;59.99;http://pisces.bbystatic.com/image2/BestBuy_US/images/products/5171/5171000_sa.jpg